sequence,length,normalized_charge,hydrophobicity_kd,passes_basic_filter,z1,z2,pred_log10_mic_uM,frac_basic,frac_hydrophobic,max_identity_to_train
KRKLILRRIRKLVKTLFKPILRPISR,26,0.4230769230769231,-0.27692307692307694,True,1.6365023851394653,1.8763774633407593,0.2219460904598236,0.4230769230769231,0.4230769230769231,0.5384615384615384
KWKSFLKTFKSAVKKLLHTALKAISS,26,0.2692307692307692,-0.042307692307692345,True,1.875156044960022,3.5143604278564453,0.22530730068683624,0.3076923076923077,0.46153846153846156,0.9230769230769231
RRPLLRPLRRPLPRPIYRPLIR,22,0.36363636363636365,-0.8590909090909092,True,2.311220169067383,1.1526697874069214,0.25590550899505615,0.36363636363636365,0.36363636363636365,0.75
IRPLLLPIIRPLLKPLLKPILKPIIRP,27,0.2222222222222222,0.7777777777777777,True,2.5671427249908447,2.034550666809082,0.25920987129211426,0.2222222222222222,0.5185185185185185,0.6875
IRPLIRPIIRPLVRPIHRPIIRPL,24,0.25,0.3041666666666666,True,2.436380386352539,1.4412111043930054,0.2677806317806244,0.2916666666666667,0.4583333333333333,0.8125
RCYVRRRFRVCFPR,14,0.42857142857142855,-0.7785714285714285,True,2.2634048461914062,-0.3025134205818176,0.3144276738166809,0.42857142857142855,0.35714285714285715,0.75
GKGLLKRVIRKKVKLIKRLKRGCK,24,0.5,-0.6375000000000002,True,1.0556995868682861,1.234437346458435,0.3891656696796417,0.5,0.3333333333333333,0.47058823529411764
AKKVFKRLEKLFSKIWN,17,0.29411764705882354,-0.5294117647058824,True,3.720612049102783,-0.08449685573577881,0.514151930809021,0.35294117647058826,0.47058823529411764,1.0
GIGKFLKKFTKKVKKIFGLILGVIS,25,0.28,0.632,True,0.7771883010864258,2.650444984436035,0.5349276065826416,0.28,0.48,0.6153846153846154
GIGKFLKKFAKGVKKILGKGLGGIPLS,27,0.25925925925925924,0.288888888888889,True,0.7200750112533569,3.2883543968200684,0.5977917909622192,0.25925925925925924,0.4074074074074074,0.6153846153846154
GIGSFLKKAAKGVKKIGAKAAGQAPQQ,27,0.2222222222222222,-0.28518518518518515,True,0.12526626884937286,2.7046432495117188,0.8257676362991333,0.2222222222222222,0.4074074074074074,0.6470588235294118
GIGKFLKKALKKGKKIGGKILGGA,24,0.3333333333333333,-0.11249999999999998,True,0.14239627122879028,2.100027084350586,0.8268803358078003,0.3333333333333333,0.375,0.625
GLGKSLKKALKKGKLIGGLKKGCC,24,0.3333333333333333,-0.1708333333333333,True,0.03266175091266632,1.5512893199920654,0.9207695126533508,0.3333333333333333,0.2916666666666667,0.5714285714285714
GLGKSLKKALKKLKLIGKLLKVKC,24,0.375,0.10416666666666663,True,-0.06878747045993805,1.589991569519043,0.9720264673233032,0.375,0.4166666666666667,0.6153846153846154
GLGKFLKKALKKGKKFVGEIKNKA,24,0.3333333333333333,-0.6000000000000001,True,-0.39680662751197815,1.9518927335739136,1.037108063697815,0.375,0.375,0.6521739130434783
GLGKFLKKALKKLAKVAKLLKVK,23,0.391304347826087,0.15217391304347827,True,-0.33841007947921753,1.579637050628662,1.0504566431045532,0.391304347826087,0.5217391304347826,0.6153846153846154
GLGKFLKKAKKKLAKFAGGLKKK,23,0.43478260869565216,-0.6260869565217393,True,-0.41203632950782776,1.5479472875595093,1.0618342161178589,0.43478260869565216,0.391304347826087,0.6363636363636364
GLGSFLKKAGKFGKKFVAEIMNSA,24,0.16666666666666666,0.09583333333333337,True,-0.8805279731750488,2.14816951751709,1.0890864133834839,0.20833333333333334,0.4583333333333333,0.6956521739130435
INLKKLKKLKKKLL,14,0.5,-0.5214285714285716,True,-0.5074325799942017,-0.5607176423072815,1.0965555906295776,0.5,0.42857142857142855,0.7142857142857143
GLAKKLKKAKKKLAKGAKGLAK,22,0.45454545454545453,-0.7272727272727271,True,-0.6128939390182495,0.9756548404693604,1.1172715425491333,0.45454545454545453,0.4090909090909091,0.6666666666666666
